case_id,activity,timestamp,costs,resource
1,"Title: Administrator: Windows PowerShell, Action: move, Action_Target: (709,823)","2024-07-14 19:40:58",0,move
1,"Title: Administrator: Windows PowerShell, Action: move, Action_Target: (711,823)","2024-07-14 19:40:58",0.00664830207824707,move
1,"Title: Administrator: Windows PowerShell, Action: move, Action_Target: (712,823)","2024-07-14 19:40:58",0.00199985504150391,move
1,"Title: Administrator: Windows PowerShell, Action: move, Action_Target: (715,823)","2024-07-14 19:40:58",0.00381207466125488,move
1,"Title: Administrator: Windows PowerShell, Action: move, Action_Target: (719,822)","2024-07-14 19:40:58",0.00296831130981445,move
1,"Title: Administrator: Windows PowerShell, Action: move, Action_Target: (723,820)","2024-07-14 19:40:58",0.00307583808898926,move
1,"Title: Administrator: Windows PowerShell, Action: move, Action_Target: (727,819)","2024-07-14 19:40:58",0.00255370140075684,move
1,"Title: Administrator: Windows PowerShell, Action: move, Action_Target: (731,819)","2024-07-14 19:40:58",0.00145912170410156,move
1,"Title: Administrator: Windows PowerShell, Action: move, Action_Target: (734,817)","2024-07-14 19:40:58",0.00105166435241699,move
1,"Title: Administrator: Windows PowerShell, Action: move, Action_Target: (736,817)","2024-07-14 19:40:58",0.000543594360351563,move
1,"Title: Administrator: Windows PowerShell, Action: move, Action_Target: (739,817)","2024-07-14 19:40:58",0.000761508941650391,move
1,"Title: Administrator: Windows PowerShell, Action: move, Action_Target: (740,816)","2024-07-14 19:40:58",0.00198149681091309,move
1,"Title: Administrator: Windows PowerShell, Action: move, Action_Target: (743,816)","2024-07-14 19:40:58",0.0008087158203125,move
1,"Title: Administrator: Windows PowerShell, Action: move, Action_Target: (746,816)","2024-07-14 19:40:58",0.000955581665039063,move
1,"Title: Administrator: Windows PowerShell, Action: move, Action_Target: (747,815)","2024-07-14 19:40:58",0.000459909439086914,move
1,"Title: Administrator: Windows PowerShell, Action: move, Action_Target: (750,815)","2024-07-14 19:40:58",0.000864267349243164,move
1,"Title: Administrator: Windows PowerShell, Action: move, Action_Target: (753,813)","2024-07-14 19:40:58",0.00097346305847168,move
1,"Title: Administrator: Windows PowerShell, Action: move, Action_Target: (756,813)","2024-07-14 19:40:58",0.00103497505187988,move
1,"Title: Administrator: Windows PowerShell, Action: move, Action_Target: (760,811)","2024-07-14 19:40:58",0.000909805297851563,move
1,"Title: Administrator: Windows PowerShell, Action: move, Action_Target: (763,811)","2024-07-14 19:40:58",0.0009613037109375,move
1,"Title: Administrator: Windows PowerShell, Action: move, Action_Target: (766,810)","2024-07-14 19:40:58",0.00100517272949219,move
1,"Title: Administrator: Windows PowerShell, Action: move, Action_Target: (769,810)","2024-07-14 19:40:58",0.00101566314697266,move
1,"Title: Administrator: Windows PowerShell, Action: move, Action_Target: (771,810)","2024-07-14 19:40:58",0.00101161003112793,move
1,"Title: Administrator: Windows PowerShell, Action: move, Action_Target: (774,808)","2024-07-14 19:40:58",0.000968694686889648,move
1,"Title: Administrator: Windows PowerShell, Action: move, Action_Target: (777,808)","2024-07-14 19:40:58",0.000996112823486328,move
1,"Title: Administrator: Windows PowerShell, Action: move, Action_Target: (780,807)","2024-07-14 19:40:58",0.00108194351196289,move
1,"Title: Administrator: Windows PowerShell, Action: move, Action_Target: (783,807)","2024-07-14 19:40:58",0.000976800918579102,move
1,"Title: Administrator: Windows PowerShell, Action: move, Action_Target: (786,805)","2024-07-14 19:40:58",0.00121450424194336,move
1,"Title: Administrator: Windows PowerShell, Action: move, Action_Target: (789,805)","2024-07-14 19:40:58",0.000742673873901367,move
1,"Title: Administrator: Windows PowerShell, Action: move, Action_Target: (793,803)","2024-07-14 19:40:58",0.0010535717010498,move
1,"Title: Administrator: Windows PowerShell, Action: move, Action_Target: (796,803)","2024-07-14 19:40:58",0.000991106033325195,move
1,"Title: Administrator: Windows PowerShell, Action: move, Action_Target: (799,802)","2024-07-14 19:40:58",0.00121903419494629,move
1,"Title: Administrator: Windows PowerShell, Action: move, Action_Target: (802,800)","2024-07-14 19:40:58",0.000839710235595703,move
1,"Title: Administrator: Windows PowerShell, Action: move, Action_Target: (805,800)","2024-07-14 19:40:58",0.000914335250854492,move
1,"Title: Administrator: Windows PowerShell, Action: move, Action_Target: (808,800)","2024-07-14 19:40:58",0.00101065635681152,move
1,"Title: Administrator: Windows PowerShell, Action: move, Action_Target: (812,798)","2024-07-14 19:40:58",0.00098419189453125,move
1,"Title: Administrator: Windows PowerShell, Action: move, Action_Target: (815,797)","2024-07-14 19:40:58",0.000995159149169922,move
1,"Title: Administrator: Windows PowerShell, Action: move, Action_Target: (818,797)","2024-07-14 19:40:58",0.000985860824584961,move
1,"Title: Administrator: Windows PowerShell, Action: move, Action_Target: (821,795)","2024-07-14 19:40:58",0.00102496147155762,move
1,"Title: Administrator: Windows PowerShell, Action: move, Action_Target: (824,795)","2024-07-14 19:40:58",0.000968694686889648,move
1,"Title: Administrator: Windows PowerShell, Action: move, Action_Target: (828,794)","2024-07-14 19:40:58",0.00101661682128906,move
1,"Title: Administrator: Windows PowerShell, Action: move, Action_Target: (831,794)","2024-07-14 19:40:58",0.000976800918579102,move
1,"Title: Administrator: Windows PowerShell, Action: move, Action_Target: (834,792)","2024-07-14 19:40:58",0.00099945068359375,move
1,"Title: Administrator: Windows PowerShell, Action: move, Action_Target: (837,792)","2024-07-14 19:40:58",0.00100088119506836,move
1,"Title: Administrator: Windows PowerShell, Action: move, Action_Target: (840,790)","2024-07-14 19:40:58",0.000991582870483398,move
1,"Title: Administrator: Windows PowerShell, Action: move, Action_Target: (842,790)","2024-07-14 19:40:58",0.00101208686828613,move
1,"Title: Administrator: Windows PowerShell, Action: move, Action_Target: (845,789)","2024-07-14 19:40:58",0.00102114677429199,move
1,"Title: Administrator: Windows PowerShell, Action: move, Action_Target: (848,789)","2024-07-14 19:40:58",0.00105571746826172,move
1,"Title: Administrator: Windows PowerShell, Action: move, Action_Target: (851,787)","2024-07-14 19:40:58",0.0010075569152832,move
1,"Title: Administrator: Windows PowerShell, Action: move, Action_Target: (854,787)","2024-07-14 19:40:58",0.00103163719177246,move
1,"Title: Administrator: Windows PowerShell, Action: move, Action_Target: (855,786)","2024-07-14 19:40:58",0.000979900360107422,move
1,"Title: Administrator: Windows PowerShell, Action: move, Action_Target: (858,786)","2024-07-14 19:40:58",0.00260066986083984,move
1,"Title: Administrator: Windows PowerShell, Action: move, Action_Target: (905,775)","2024-07-14 19:40:58",0.0262637138366699,move
1,"Title: Administrator: Windows PowerShell, Action: move, Action_Target: (954,763)","2024-07-14 19:40:58",0.0168941020965576,move
1,"Title: Administrator: Windows PowerShell, Action: move, Action_Target: (1007,758)","2024-07-14 19:40:58",0.104856252670288,move
1,"Title: Administrator: Windows PowerShell, Action: move, Action_Target: (1046,757)","2024-07-14 19:40:58",0.0192661285400391,move
1,"Title: Administrator: Windows PowerShell, Action: move, Action_Target: (1090,754)","2024-07-14 19:40:58",0.000598430633544922,move
1,"Title: Administrator: Windows PowerShell, Action: move, Action_Target: (1127,750)","2024-07-14 19:40:58",0.00028538703918457,move
1,"Title: Administrator: Windows PowerShell, Action: move, Action_Target: (1156,748)","2024-07-14 19:40:58",0.000531911849975586,move
1,"Title: Administrator: Windows PowerShell, Action: move, Action_Target: (1181,745)","2024-07-14 19:40:58",0.000524759292602539,move
1,"Title: Administrator: Windows PowerShell, Action: move, Action_Target: (1203,743)","2024-07-14 19:40:58",0.000352382659912109,move
1,"Title: Administrator: Windows PowerShell, Action: move, Action_Target: (1217,743)","2024-07-14 19:40:58",0.000535726547241211,move
1,"Title: Administrator: Windows PowerShell, Action: move, Action_Target: (1218,743)","2024-07-14 19:40:58",0.00054478645324707,move
1,"Title: Administrator: Windows PowerShell, Action: move, Action_Target: (1219,743)","2024-07-14 19:40:59",0.0458147525787354,move
1,"Title: Administrator: Windows PowerShell, Action: move, Action_Target: (1221,743)","2024-07-14 19:40:59",0.0292620658874512,move
1,"Title: Administrator: Windows PowerShell, Action: move, Action_Target: (1226,743)","2024-07-14 19:40:59",0.00101733207702637,move
1,"Title: Administrator: Windows PowerShell, Action: move, Action_Target: (1229,743)","2024-07-14 19:40:59",0.00479459762573242,move
1,"Title: Administrator: Windows PowerShell, Action: move, Action_Target: (1233,743)","2024-07-14 19:40:59",0.0961143970489502,move
1,"Title: Administrator: Windows PowerShell, Action: move, Action_Target: (1261,743)","2024-07-14 19:40:59",0.00141167640686035,move
1,"Title: Administrator: Windows PowerShell, Action: move, Action_Target: (1301,744)","2024-07-14 19:40:59",0.000896930694580078,move
1,"Title: Administrator: Windows PowerShell, Action: move, Action_Target: (1348,747)","2024-07-14 19:40:59",0.000441551208496094,move
1,"Title: Administrator: Windows PowerShell, Action: move, Action_Target: (1400,750)","2024-07-14 19:40:59",0.00436949729919434,move
1,"Title: Administrator: Windows PowerShell, Action: move, Action_Target: (1454,752)","2024-07-14 19:40:59",0.000460624694824219,move
1,"Title: Administrator: Windows PowerShell, Action: move, Action_Target: (1513,752)","2024-07-14 19:40:59",0.000865459442138672,move
1,"Title: Administrator: Windows PowerShell, Action: move, Action_Target: (1532,752)","2024-07-14 19:40:59",0.00610804557800293,move
1,"Title: Administrator: Windows PowerShell, Action: move, Action_Target: (1557,752)","2024-07-14 19:40:59",0.000436305999755859,move
1,"Title: Administrator: Windows PowerShell, Action: move, Action_Target: (1560,751)","2024-07-14 19:40:59",0.0010073184967041,move
1,"Title: Administrator: Windows PowerShell, Action: move, Action_Target: (1565,751)","2024-07-14 19:40:59",0.000802516937255859,move
1,"Title: Administrator: Windows PowerShell, Action: move, Action_Target: (1569,751)","2024-07-14 19:40:59",0.00101208686828613,move
1,"Title: Administrator: Windows PowerShell, Action: move, Action_Target: (1572,751)","2024-07-14 19:40:59",0.0011601448059082,move
1,"Title: Administrator: Windows PowerShell, Action: move, Action_Target: (1577,751)","2024-07-14 19:40:59",0.00476551055908203,move
1,"Title: Administrator: Windows PowerShell, Action: move, Action_Target: (1593,750)","2024-07-14 19:40:59",0.000734567642211914,move
1,"Title: Administrator: Windows PowerShell, Action: move, Action_Target: (1598,750)","2024-07-14 19:40:59",0.000849008560180664,move
1,"Title: Administrator: Windows PowerShell, Action: move, Action_Target: (1601,750)","2024-07-14 19:40:59",0.000346183776855469,move
1,"Title: Administrator: Windows PowerShell, Action: move, Action_Target: (1607,750)","2024-07-14 19:40:59",0.0010685920715332,move
1,"Title: Administrator: Windows PowerShell, Action: move, Action_Target: (1610,750)","2024-07-14 19:40:59",0.00539326667785645,move
1,"Title: Administrator: Windows PowerShell, Action: move, Action_Target: (1631,748)","2024-07-14 19:40:59",0.00083160400390625,move
1,"Title: Administrator: Windows PowerShell, Action: move, Action_Target: (1634,748)","2024-07-14 19:40:59",0.00121521949768066,move
1,"Title: Administrator: Windows PowerShell, Action: move, Action_Target: (1640,746)","2024-07-14 19:40:59",0.000564813613891602,move
1,"Title: Administrator: Windows PowerShell, Action: move, Action_Target: (1645,746)","2024-07-14 19:40:59",0.000946998596191406,move
1,"Title: Administrator: Windows PowerShell, Action: move, Action_Target: (1648,746)","2024-07-14 19:40:59",0.00104641914367676,move
1,"Title: Administrator: Windows PowerShell, Action: move, Action_Target: (1651,746)","2024-07-14 19:40:59",0.0017707347869873,move
1,"Title: Administrator: Windows PowerShell, Action: move, Action_Target: (1656,746)","2024-07-14 19:40:59",0.00071406364440918,move
1,"Title: Administrator: Windows PowerShell, Action: move, Action_Target: (1659,746)","2024-07-14 19:40:59",0.000545024871826172,move
1,"Title: Administrator: Windows PowerShell, Action: move, Action_Target: (1664,746)","2024-07-14 19:40:59",0.000977993011474609,move
1,"Title: Administrator: Windows PowerShell, Action: move, Action_Target: (1669,746)","2024-07-14 19:40:59",0.000902891159057617,move
1,"Title: Administrator: Windows PowerShell, Action: move, Action_Target: (1673,744)","2024-07-14 19:40:59",0.00122952461242676,move
1,"Title: Administrator: Windows PowerShell, Action: move, Action_Target: (1676,744)","2024-07-14 19:40:59",0.000873088836669922,move
1,"Title: Administrator: Windows PowerShell, Action: move, Action_Target: (1681,744)","2024-07-14 19:40:59",0.00091099739074707,move
1,"Title: Administrator: Windows PowerShell, Action: move, Action_Target: (1684,744)","2024-07-14 19:40:59",0.00100064277648926,move
1,"Title: Administrator: Windows PowerShell, Action: move, Action_Target: (1687,744)","2024-07-14 19:40:59",0.000998735427856445,move
1,"Title: Administrator: Windows PowerShell, Action: move, Action_Target: (1692,744)","2024-07-14 19:40:59",0.00240945816040039,move
1,"Title: Administrator: Windows PowerShell, Action: move, Action_Target: (1695,744)","2024-07-14 19:40:59",0.000345945358276367,move
1,"Title: Administrator: Windows PowerShell, Action: move, Action_Target: (1698,744)","2024-07-14 19:40:59",0.00119328498840332,move
1,"Title: Administrator: Windows PowerShell, Action: move, Action_Target: (1703,744)","2024-07-14 19:40:59",0.000622034072875977,move
1,"Title: Administrator: Windows PowerShell, Action: move, Action_Target: (1706,744)","2024-07-14 19:40:59",0.000482559204101563,move
1,"Title: Administrator: Windows PowerShell, Action: move, Action_Target: (1710,744)","2024-07-14 19:40:59",0.00101280212402344,move
1,"Title: Administrator: Windows PowerShell, Action: move, Action_Target: (1713,743)","2024-07-14 19:40:59",0.000919580459594727,move
1,"Title: Administrator: Windows PowerShell, Action: move, Action_Target: (1716,743)","2024-07-14 19:40:59",0.00102519989013672,move
1,"Title: Administrator: Windows PowerShell, Action: move, Action_Target: (1719,743)","2024-07-14 19:40:59",0.00104451179504395,move
1,"Title: Administrator: Windows PowerShell, Action: move, Action_Target: (1722,743)","2024-07-14 19:40:59",0.00101065635681152,move
1,"Title: Administrator: Windows PowerShell, Action: move, Action_Target: (1725,743)","2024-07-14 19:40:59",0.000976800918579102,move
1,"Title: Administrator: Windows PowerShell, Action: move, Action_Target: (1728,743)","2024-07-14 19:40:59",0.00104093551635742,move
1,"Title: Administrator: Windows PowerShell, Action: move, Action_Target: (1731,743)","2024-07-14 19:40:59",0.000960350036621094,move
1,"Title: Administrator: Windows PowerShell, Action: move, Action_Target: (1734,743)","2024-07-14 19:40:59",0.00100302696228027,move
1,"Title: Administrator: Windows PowerShell, Action: move, Action_Target: (1737,743)","2024-07-14 19:40:59",0.000956535339355469,move
1,"Title: Administrator: Windows PowerShell, Action: move, Action_Target: (1740,743)","2024-07-14 19:40:59",0.00107502937316895,move
1,"Title: Administrator: Windows PowerShell, Action: move, Action_Target: (1742,743)","2024-07-14 19:40:59",0.000953912734985352,move
1,"Title: Administrator: Windows PowerShell, Action: move, Action_Target: (1745,743)","2024-07-14 19:40:59",0.00108671188354492,move
1,"Title: Administrator: Windows PowerShell, Action: move, Action_Target: (1746,743)","2024-07-14 19:40:59",0.00178813934326172,move
1,"Title: Administrator: Windows PowerShell, Action: move, Action_Target: (1753,743)","2024-07-14 19:40:59",0.00301241874694824,move
1,"Title: Administrator: Windows PowerShell, Action: move, Action_Target: (1760,743)","2024-07-14 19:40:59",0.00949668884277344,move
1,"Title: Administrator: Windows PowerShell, Action: move, Action_Target: (1771,741)","2024-07-14 19:40:59",0.00109505653381348,move
1,"Title: Administrator: Windows PowerShell, Action: move, Action_Target: (1774,741)","2024-07-14 19:40:59",0.00384378433227539,move
1,"Title: Administrator: Windows PowerShell, Action: move, Action_Target: (1777,741)","2024-07-14 19:40:59",0.0018303394317627,move
1,"Title: Administrator: Windows PowerShell, Action: move, Action_Target: (1780,741)","2024-07-14 19:40:59",0.00270509719848633,move
1,"Title: Administrator: Windows PowerShell, Action: move, Action_Target: (1782,741)","2024-07-14 19:40:59",0.00319194793701172,move
1,"Title: Administrator: Windows PowerShell, Action: move, Action_Target: (1789,740)","2024-07-14 19:40:59",0.0100171566009521,move
1,"Title: Administrator: Windows PowerShell, Action: move, Action_Target: (1792,740)","2024-07-14 19:40:59",0.0014808177947998,move
1,"Title: Administrator: Windows PowerShell, Action: move, Action_Target: (1793,740)","2024-07-14 19:40:59",0.000854015350341797,move
1,"Title: Administrator: Windows PowerShell, Action: move, Action_Target: (1795,740)","2024-07-14 19:40:59",0.000686407089233398,move
1,"Title: Administrator: Windows PowerShell, Action: move, Action_Target: (1796,740)","2024-07-14 19:40:59",0.00100255012512207,move
1,"Title: Administrator: Windows PowerShell, Action: move, Action_Target: (1797,740)","2024-07-14 19:40:59",0.000913858413696289,move
1,"Title: Administrator: Windows PowerShell, Action: move, Action_Target: (1799,739)","2024-07-14 19:40:59",0.00214695930480957,move
1,"Title: Administrator: Windows PowerShell, Action: move, Action_Target: (1800,739)","2024-07-14 19:40:59",0.00119137763977051,move
1,"Title: Administrator: Windows PowerShell, Action: move, Action_Target: (1801,739)","2024-07-14 19:40:59",0.000729560852050781,move
1,"Title: Administrator: Windows PowerShell, Action: move, Action_Target: (1803,739)","2024-07-14 19:40:59",0.00107312202453613,move
1,"Title: Administrator: Windows PowerShell, Action: move, Action_Target: (1804,739)","2024-07-14 19:40:59",0.00100040435791016,move
1,"Title: Administrator: Windows PowerShell, Action: move, Action_Target: (1805,739)","2024-07-14 19:40:59",0.000973939895629883,move
1,"Title: Administrator: Windows PowerShell, Action: move, Action_Target: (1807,739)","2024-07-14 19:40:59",0.000907421112060547,move
1,"Title: Administrator: Windows PowerShell, Action: move, Action_Target: (1808,739)","2024-07-14 19:40:59",0.000972509384155273,move
1,"Title: Administrator: Windows PowerShell, Action: move, Action_Target: (1810,737)","2024-07-14 19:40:59",0.0462491512298584,move
1,"Title: Administrator: Windows PowerShell, Action: move, Action_Target: (1838,733)","2024-07-14 19:40:59",0.015423059463501,move
1,"Title: Administrator: Windows PowerShell, Action: move, Action_Target: (1869,729)","2024-07-14 19:40:59",0.000982761383056641,move
1,"Title: Administrator: Windows PowerShell, Action: move, Action_Target: (1891,725)","2024-07-14 19:40:59",0.000912666320800781,move
1,"Title: Administrator: Windows PowerShell, Action: move, Action_Target: (1896,724)","2024-07-14 19:40:59",0.00715231895446777,move
1,"Title: Administrator: Windows PowerShell, Action: move, Action_Target: (1899,724)","2024-07-14 19:40:59",0.00227665901184082,move
1,"Title: Administrator: Windows PowerShell, Action: move, Action_Target: (1900,722)","2024-07-14 19:40:59",0.00118184089660645,move
1,"Title: Administrator: Windows PowerShell, Action: move, Action_Target: (1901,722)","2024-07-14 19:40:59",0.00308084487915039,move
1,"Title: Administrator: Windows PowerShell, Action: move, Action_Target: (1903,722)","2024-07-14 19:40:59",0.00498604774475098,move
1,"Title: Administrator: Windows PowerShell, Action: move, Action_Target: (1904,722)","2024-07-14 19:40:59",0.00314044952392578,move
1,"Title: Administrator: Windows PowerShell, Action: move, Action_Target: (1906,722)","2024-07-14 19:40:59",0.00281190872192383,move
1,"Title: Administrator: Windows PowerShell, Action: move, Action_Target: (1907,722)","2024-07-14 19:40:59",0.00213098526000977,move
1,"Title: Administrator: Windows PowerShell, Action: move, Action_Target: (1908,722)","2024-07-14 19:40:59",0.00199341773986816,move
1,"Title: Administrator: Windows PowerShell, Action: move, Action_Target: (1910,722)","2024-07-14 19:40:59",0.00172781944274902,move
1,"Title: Administrator: Windows PowerShell, Action: move, Action_Target: (1911,721)","2024-07-14 19:40:59",0.000994443893432617,move
1,"Title: Administrator: Windows PowerShell, Action: move, Action_Target: (1912,721)","2024-07-14 19:40:59",0.00205612182617188,move
1,"Title: Administrator: Windows PowerShell, Action: move, Action_Target: (1914,721)","2024-07-14 19:40:59",0.00669622421264648,move
1,"Title: Administrator: Windows PowerShell, Action: move, Action_Target: (1936,719)","2024-07-14 19:40:59",0.035341739654541,move
1,"Title: Administrator: Windows PowerShell, Action: move, Action_Target: (1955,718)","2024-07-14 19:40:59",0.000878095626831055,move
1,"Title: Administrator: Windows PowerShell, Action: move, Action_Target: (1956,718)","2024-07-14 19:40:59",0.00136423110961914,move
1,"Title: Administrator: Windows PowerShell, Action: move, Action_Target: (1957,717)","2024-07-14 19:40:59",0.00337910652160645,move
1,"Title: Administrator: Windows PowerShell, Action: move, Action_Target: (1959,717)","2024-07-14 19:40:59",0.00640082359313965,move
1,"Title: Administrator: Windows PowerShell, Action: move, Action_Target: (1960,717)","2024-07-14 19:40:59",0.0199770927429199,move
1,"Title: Administrator: Windows PowerShell, Action: move, Action_Target: (1962,717)","2024-07-14 19:40:59",0.0040123462677002,move
1,"Title: Administrator: Windows PowerShell, Action: move, Action_Target: (1963,717)","2024-07-14 19:40:59",0.0050809383392334,move
1,"Title: Administrator: Windows PowerShell, Action: move, Action_Target: (1964,715)","2024-07-14 19:40:59",0.00084376335144043,move
1,"Title: Administrator: Windows PowerShell, Action: move, Action_Target: (1966,715)","2024-07-14 19:40:59",0.00124669075012207,move
1,"Title: Administrator: Windows PowerShell, Action: move, Action_Target: (1967,715)","2024-07-14 19:40:59",0.00226926803588867,move
1,"Title: Administrator: Windows PowerShell, Action: move, Action_Target: (1968,714)","2024-07-14 19:40:59",0.00171494483947754,move
1,"Title: Administrator: Windows PowerShell, Action: move, Action_Target: (1970,714)","2024-07-14 19:40:59",0.0462245941162109,move
1,"Title: Administrator: Windows PowerShell, Action: move, Action_Target: (1992,711)","2024-07-14 19:40:59",0.0010673999786377,move
1,"Title: Administrator: Windows PowerShell, Action: move, Action_Target: (2013,710)","2024-07-14 19:40:59",0.000641822814941406,move
1,"Title: Administrator: Windows PowerShell, Action: move, Action_Target: (2026,709)","2024-07-14 19:40:59",0.000564813613891602,move
1,"Title: Administrator: Windows PowerShell, Action: move, Action_Target: (2027,709)","2024-07-14 19:40:59",0.000403881072998047,move
1,"Title: Administrator: Windows PowerShell, Action: move, Action_Target: (2028,709)","2024-07-14 19:40:59",0.00285863876342773,move
1,"Title: Administrator: Windows PowerShell, Action: move, Action_Target: (2030,709)","2024-07-14 19:40:59",0.000969171524047852,move
1,"Title: Administrator: Windows PowerShell, Action: move, Action_Target: (2031,709)","2024-07-14 19:40:59",0.00316429138183594,move
1,"Title: Administrator: Windows PowerShell, Action: move, Action_Target: (2033,709)","2024-07-14 19:40:59",0.00353264808654785,move
1,"Title: Administrator: Windows PowerShell, Action: move, Action_Target: (2034,709)","2024-07-14 19:40:59",0.0189611911773682,move
1,"Title: Administrator: Windows PowerShell, Action: move, Action_Target: (2035,709)","2024-07-14 19:40:59",0.0136163234710693,move
1,"Title: Administrator: Windows PowerShell, Action: move, Action_Target: (2037,709)","2024-07-14 19:40:59",0.000533580780029297,move
1,"Title: Administrator: Windows PowerShell, Action: move, Action_Target: (2038,709)","2024-07-14 19:40:59",0.0394036769866943,move
1,"Title: Administrator: Windows PowerShell, Action: move, Action_Target: (2039,709)","2024-07-14 19:40:59",0.00644755363464355,move
1,"Title: Administrator: Windows PowerShell, Action: move, Action_Target: (2039,709)","2024-07-14 19:40:59",0.00749874114990234,move
1,"Title: Administrator: Windows PowerShell, Action: move, Action_Target: (2048,709)","2024-07-14 19:40:59",0.0171918869018555,move
1,"Title: Administrator: Windows PowerShell, Action: move, Action_Target: (2052,710)","2024-07-14 19:40:59",0.005279541015625,move
1,"Title: Administrator: Windows PowerShell, Action: move, Action_Target: (2053,710)","2024-07-14 19:40:59",0.00116086006164551,move
1,"Title: Administrator: Windows PowerShell, Action: move, Action_Target: (2054,710)","2024-07-14 19:40:59",0.00334024429321289,move
1,"Title: Administrator: Windows PowerShell, Action: move, Action_Target: (2056,710)","2024-07-14 19:40:59",0.00291991233825684,move
1,"Title: Administrator: Windows PowerShell, Action: move, Action_Target: (2057,710)","2024-07-14 19:40:59",0.0674598217010498,move
1,"Title: Administrator: Windows PowerShell, Action: move, Action_Target: (2059,710)","2024-07-14 19:40:59",0.000674009323120117,move
1,"Title: Administrator: Windows PowerShell, Action: move, Action_Target: (2060,710)","2024-07-14 19:40:59",0.00288653373718262,move
1,"Title: Administrator: Windows PowerShell, Action: move, Action_Target: (2061,710)","2024-07-14 19:40:59",0.00802850723266602,move
1,"Title: Administrator: Windows PowerShell, Action: move, Action_Target: (2063,710)","2024-07-14 19:40:59",0.0029752254486084,move
1,"Title: Administrator: Windows PowerShell, Action: move, Action_Target: (2064,710)","2024-07-14 19:40:59",0.00193548202514648,move
1,"Title: Administrator: Windows PowerShell, Action: move, Action_Target: (2065,710)","2024-07-14 19:40:59",0.00197935104370117,move
1,"Title: Administrator: Windows PowerShell, Action: move, Action_Target: (2067,710)","2024-07-14 19:40:59",0.00309967994689941,move
1,"Title: Administrator: Windows PowerShell, Action: move, Action_Target: (2068,710)","2024-07-14 19:40:59",0.000909566879272461,move
1,"Title: Administrator: Windows PowerShell, Action: move, Action_Target: (2069,710)","2024-07-14 19:40:59",0.00200867652893066,move
1,"Title: Administrator: Windows PowerShell, Action: move, Action_Target: (2071,710)","2024-07-14 19:40:59",0.00211286544799805,move
1,"Title: Administrator: Windows PowerShell, Action: move, Action_Target: (2072,710)","2024-07-14 19:40:59",0.00112795829772949,move
1,"Title: Administrator: Windows PowerShell, Action: move, Action_Target: (2074,710)","2024-07-14 19:40:59",0.000706195831298828,move
1,"Title: Administrator: Windows PowerShell, Action: move, Action_Target: (2075,710)","2024-07-14 19:40:59",0.00204014778137207,move
1,"Title: Administrator: Windows PowerShell, Action: move, Action_Target: (2076,710)","2024-07-14 19:40:59",0.00098872184753418,move
1,"Title: Administrator: Windows PowerShell, Action: move, Action_Target: (2078,710)","2024-07-14 19:40:59",0.00103616714477539,move
1,"Title: Administrator: Windows PowerShell, Action: move, Action_Target: (2079,710)","2024-07-14 19:40:59",0.00200152397155762,move
1,"Title: Administrator: Windows PowerShell, Action: move, Action_Target: (2080,710)","2024-07-14 19:40:59",0.000968694686889648,move
1,"Title: Administrator: Windows PowerShell, Action: move, Action_Target: (2082,710)","2024-07-14 19:40:59",0.00102090835571289,move
1,"Title: Administrator: Windows PowerShell, Action: move, Action_Target: (2083,710)","2024-07-14 19:40:59",0.0157971382141113,move
1,"Title: Administrator: Windows PowerShell, Action: move, Action_Target: (2105,709)","2024-07-14 19:40:59",0.0173771381378174,move
1,"Title: Administrator: Windows PowerShell, Action: move, Action_Target: (2124,709)","2024-07-14 19:40:59",0.000509500503540039,move
1,"Title: Administrator: Windows PowerShell, Action: move, Action_Target: (2125,709)","2024-07-14 19:40:59",0.00126361846923828,move
1,"Title: Administrator: Windows PowerShell, Action: move, Action_Target: (2127,709)","2024-07-14 19:40:59",0.00108838081359863,move
1,"Title: Administrator: Windows PowerShell, Action: move, Action_Target: (2128,709)","2024-07-14 19:40:59",0.00202274322509766,move
1,"Title: Administrator: Windows PowerShell, Action: move, Action_Target: (2129,709)","2024-07-14 19:40:59",0.000897645950317383,move
1,"Title: Administrator: Windows PowerShell, Action: move, Action_Target: (2131,709)","2024-07-14 19:40:59",0.00200104713439941,move
1,"Title: Administrator: Windows PowerShell, Action: move, Action_Target: (2132,707)","2024-07-14 19:40:59",0.00235939025878906,move
1,"Title: Administrator: Windows PowerShell, Action: move, Action_Target: (2134,707)","2024-07-14 19:40:59",0.000725507736206055,move
1,"Title: Administrator: Windows PowerShell, Action: move, Action_Target: (2135,707)","2024-07-14 19:40:59",0.00344300270080566,move
1,"Title: Administrator: Windows PowerShell, Action: move, Action_Target: (2136,707)","2024-07-14 19:40:59",0.00218319892883301,move
1,"Title: Administrator: Windows PowerShell, Action: move, Action_Target: (2138,707)","2024-07-14 19:40:59",0.00418591499328613,move
1,"Title: Administrator: Windows PowerShell, Action: move, Action_Target: (2139,707)","2024-07-14 19:40:59",0.000606775283813477,move
1,"Title: Administrator: Windows PowerShell, Action: move, Action_Target: (2140,707)","2024-07-14 19:40:59",0.00461363792419434,move
1,"Title: Administrator: Windows PowerShell, Action: click, Action_Target: left","2024-07-14 19:40:59",0.149952173233032,click
1,"Title: Administrator: Windows PowerShell, Action: click, Action_Target: left","2024-07-14 19:41:00",0.142529964447021,click
1,"Title: Administrator: Windows PowerShell, Action: scroll, Action_Target: (0,1)","2024-07-14 19:41:02",2.2317054271698,scroll
1,"Title: Administrator: Windows PowerShell, Action: scroll, Action_Target: (0,1)","2024-07-14 19:41:02",0.100538015365601,scroll
1,"Title: Administrator: Windows PowerShell, Action: scroll, Action_Target: (0,1)","2024-07-14 19:41:02",0.0735218524932861,scroll
1,"Title: Administrator: Windows PowerShell, Action: scroll, Action_Target: (0,-1)","2024-07-14 19:41:04",1.76879811286926,scroll
1,"Title: Administrator: Windows PowerShell, Action: scroll, Action_Target: (0,-1)","2024-07-14 19:41:04",0.0423049926757813,scroll
1,"Title: Administrator: Windows PowerShell, Action: scroll, Action_Target: (0,-1)","2024-07-14 19:41:04",0.0580925941467285,scroll
1,"Title: Administrator: Windows PowerShell, Action: scroll, Action_Target: (0,-1)","2024-07-14 19:41:04",0.0409679412841797,scroll
1,"Title: Administrator: Windows PowerShell, Action: scroll, Action_Target: (0,-1)","2024-07-14 19:41:04",0.43180251121521,scroll
1,"Title: Administrator: Windows PowerShell, Action: scroll, Action_Target: (0,-1)","2024-07-14 19:41:04",0.0441179275512695,scroll
1,"Title: Administrator: Windows PowerShell, Action: scroll, Action_Target: (0,-1)","2024-07-14 19:41:04",0.0861103534698486,scroll
1,"Title: Administrator: Windows PowerShell, Action: press, Action_Target: ctrl","2024-07-14 19:41:06",1.66635489463806,press
1,"Title: Administrator: Windows PowerShell, Action: release, Action_Target: ctrl","2024-07-14 19:41:06",0.0260968208312988,release
1,"Title: Administrator: Windows PowerShell, Action: press, Action_Target: ctrl","2024-07-14 19:41:06",0.0729470252990723,press
1,"Title: Administrator: Windows PowerShell, Action: release, Action_Target: ctrl","2024-07-14 19:41:06",0.0646631717681885,release
1,"Title: Administrator: Windows PowerShell, Action: press, Action_Target: ctrl","2024-07-14 19:41:06",0.0741400718688965,press
1,"Title: Administrator: Windows PowerShell, Action: release, Action_Target: ctrl","2024-07-14 19:41:06",0.0903661251068115,release
